Kraj,Kliknięcia,Wyświetlenia,CTR,Pozycja
Polska,45,1175,3.83%,24.88
Szwecja,2,67,2.99%,22.75
Finlandia,2,43,4.65%,16.58
Wielka Brytania,1,97,1.03%,43.79
Norwegia,1,90,1.11%,16.44
Dania,1,79,1.27%,26.14
Egipt,1,15,6.67%,17.07
Włochy,1,8,12.5%,13.62
Stany Zjednoczone,0,56,0%,18
Niemcy,0,54,0%,21.2
Holandia,0,16,0%,14.31
Kanada,0,11,0%,16.45
Filipiny,0,11,0%,34.91
Indie,0,10,0%,19.1
Wietnam,0,9,0%,17.33
Szwajcaria,0,8,0%,8.12
Węgry,0,7,0%,6.57
Austria,0,6,0%,24.33
Serbia,0,5,0%,3.6
Francja,0,5,0%,7.6
Irlandia,0,5,0%,9.2
Hiszpania,0,5,0%,10.2
Tajlandia,0,5,0%,13
Arabia Saudyjska,0,5,0%,17.6
Oman,0,5,0%,20.4
Czechy,0,4,0%,6.25
Nigeria,0,4,0%,16.75
Ekwador,0,4,0%,29.25
Słowacja,0,3,0%,6.33
Albania,0,3,0%,9.67
Indonezja,0,3,0%,15.33
Brazylia,0,3,0%,21.33
Bangladesz,0,3,0%,22.67
Dominikana,0,3,0%,28
Portugalia,0,3,0%,28.67
Turcja,0,3,0%,28.67
Republika Południowej Afryki,0,2,0%,3
Łotwa,0,2,0%,5.5
Zjednoczone Emiraty Arabskie,0,2,0%,9.5
Korea Południowa,0,2,0%,10
Rumunia,0,2,0%,18
Malezja,0,2,0%,19
Australia,0,2,0%,29
Japonia,0,1,0%,5
Kenia,0,1,0%,5
Algieria,0,1,0%,6
Malediwy,0,1,0%,6
Chile,0,1,0%,8
Kolumbia,0,1,0%,8
Cypr,0,1,0%,8
Bośnia i Hercegowina,0,1,0%,10
Islandia,0,1,0%,10
Singapur,0,1,0%,10
Belgia,0,1,0%,11
Uzbekistan,0,1,0%,11
Rosja,0,1,0%,15
Wenezuela,0,1,0%,20
Peru,0,1,0%,26
Maroko,0,1,0%,28
Katar,0,1,0%,33
Panama,0,1,0%,34
Pakistan,0,1,0%,50
Kazachstan,0,1,0%,61