Najpopularniejsze strony,Kliknięcia,Wyświetlenia,CTR,Pozycja
https://taxiairportgdansk.com/pl/,23,651,3.53%,22.46
https://taxiairportgdansk.com/,12,623,1.93%,26.29
https://taxiairportgdansk.com/pl/taxi-lotnisko-gdansk,6,143,4.2%,33.36
http://taxiairportgdansk.com/,2,6,33.33%,8
https://taxiairportgdansk.com/no/informasjonskapsler,2,4,50%,8.5
https://taxiairportgdansk.com/en/gdansk-airport-taxi,1,120,0.83%,38.48
https://taxiairportgdansk.com/pl/lotnisko-gdansk-sopot,1,42,2.38%,41.52
https://taxiairportgdansk.com/sv/,1,30,3.33%,26.37
https://taxiairportgdansk.com/en/,1,24,4.17%,56.62
https://taxiairportgdansk.com/da/gdansk-lufthavn-taxa,1,20,5%,31.3
https://taxiairportgdansk.com/fi/hinnasto,1,15,6.67%,7.4
https://taxiairportgdansk.com/sv/gdansk-flygplats-taxi,1,15,6.67%,36.07
https://taxiairportgdansk.com/de/gdansk-flughafen-taxi,1,9,11.11%,66.56
https://taxiairportgdansk.com/fi/gdansk-lentokentta-sopot,1,7,14.29%,30
https://taxiairportgdansk.com/en/gdansk-airport-to-sopot,0,66,0%,24.48
https://taxiairportgdansk.com/en/pricing,0,60,0%,19.32
https://taxiairportgdansk.com/pl/lotnisko-gdansk-gdynia,0,37,0%,17.54
https://taxiairportgdansk.com/no/,0,35,0%,18.17
https://taxiairportgdansk.com/en/gdansk-airport-to-gdynia,0,32,0%,22.25
https://taxiairportgdansk.com/de/,0,27,0%,18.67
https://taxiairportgdansk.com/da/priser,0,27,0%,22.48
https://taxiairportgdansk.com/fi/,0,26,0%,28.77
https://taxiairportgdansk.com/da/,0,24,0%,10.54
https://taxiairportgdansk.com/no/gdansk-flyplass-taxi,0,19,0%,26
https://taxiairportgdansk.com/no/gdansk-flyplass-sopot,0,17,0%,21.71
https://taxiairportgdansk.com/pl/cennik,0,17,0%,26.82
https://taxiairportgdansk.com/sv/gdansk-flygplats-sopot,0,15,0%,41.87
https://taxiairportgdansk.com/de/gdansk-flughafen-gdynia,0,13,0%,17.46
https://taxiairportgdansk.com/pl,0,13,0%,26.46
https://taxiairportgdansk.com/de/preise,0,12,0%,7.75
https://taxiairportgdansk.com/en/privacy,0,10,0%,6.8
https://taxiairportgdansk.com/en,0,10,0%,23.8
https://taxiairportgdansk.com/de/gdansk-flughafen-sopot,0,9,0%,26.33
https://taxiairportgdansk.com/fi/gdansk-lentokentta-taksi,0,8,0%,26.5
https://taxiairportgdansk.com/pl/polityka-prywatnosci,0,7,0%,13.71
https://taxiairportgdansk.com/no/gdansk-flyplass-gdynia,0,7,0%,17.71
https://taxiairportgdansk.com/sv/gdansk-flygplats-gdynia,0,7,0%,45.43
https://taxiairportgdansk.com/sv/integritetspolicy,0,4,0%,13.25
https://taxiairportgdansk.com/no/personvern,0,4,0%,14.75
https://taxiairportgdansk.com/pl/polityka-cookies,0,4,0%,18.25
https://taxiairportgdansk.com/fi/gdansk-lentokentta-gdynia,0,4,0%,25.75
https://taxiairportgdansk.com/sv/kakor,0,4,0%,35.5
https://taxiairportgdansk.com/da/gdansk-lufthavn-sopot,0,4,0%,43.5
https://taxiairportgdansk.com/en/cookies,0,3,0%,8.67
https://taxiairportgdansk.com/da/cookiepolitik,0,3,0%,13
https://taxiairportgdansk.com/fi/taxi-gdansk,0,3,0%,14.67
https://taxiairportgdansk.com/fi/evasteet,0,3,0%,16.67
https://taxiairportgdansk.com/da/privatlivspolitik,0,3,0%,17.67
https://taxiairportgdansk.com/de/datenschutz,0,3,0%,19.33
https://taxiairportgdansk.com/de/cookie-richtlinie,0,3,0%,21.33
https://taxiairportgdansk.com/da/gdansk-lufthavn-gdynia,0,3,0%,30.67
https://taxiairportgdansk.com/da/gdansk-lufthavn-transfer-aarhus,0,3,0%,92.67
https://taxiairportgdansk.com/fi/tietosuoja,0,2,0%,21.5
https://taxiairportgdansk.com/de/buchung-individuell,0,2,0%,26.5
https://taxiairportgdansk.com/da/taxi-gdansk,0,1,0%,27
https://taxiairportgdansk.com/da/booking-tilpasset,0,1,0%,30
https://taxiairportgdansk.com/da/booking-gdansk-lufthavn-gdynia,0,1,0%,92