Najczęstsze zapytania,Kliknięcia,Wyświetlenia,CTR,Pozycja
taxi airport gdańsk,17,157,10.83%,16.69
taxi lotnisko gdańsk,10,109,9.17%,21.28
taxi airport gdansk,6,96,6.25%,19.56
taxi airport,2,14,14.29%,8.14
taxi na lotnisko gdańsk,1,30,3.33%,30.47
taxi gdańsk airport,1,7,14.29%,37
taxi to the airport,1,4,25%,9.5
gdansk airport taxi,0,81,0%,36.52
taxi from gdansk airport,0,59,0%,26.22
taxi gdansk airport,0,56,0%,23.23
cab airport,0,48,0%,12.65
taxi gdansk flyplass,0,46,0%,29.24
taxi gdańsk lotnisko cennik,0,45,0%,31.33
airport taxi gdansk,0,41,0%,34.27
how much is a taxi from gdansk airport to sopot,0,34,0%,26.76
airport taxi,0,33,0%,11.24
taxi gdansk lotnisko,0,33,0%,30.27
taxi lotnisko gdańsk gdynia,0,29,0%,20.93
taxi from gdansk airport to,0,27,0%,22.33
airport taxi gdańsk,0,27,0%,23.89
gdańsk lotnisko taxi,0,27,0%,29.04
taxi gdansk airport to city,0,26,0%,41.35
gdansk airport transfers,0,26,0%,57.15
taxi gdańsk lotnisko,0,23,0%,42.87
taxi gdansk airport city,0,16,0%,21.75
taksówka lotnisko gdańsk,0,12,0%,27.33
taxi from gdansk airport to city centre,0,12,0%,49.08
gdansk airport transfer,0,12,0%,63.5
taxi gdansk,0,10,0%,48.5
lufthavnstaxa,0,9,0%,88
transport lotniczy sopot,0,8,0%,47.75
airport transfer gdansk,0,8,0%,57.62
gdansk luxury airport transfers,0,7,0%,82.71
gdansk taxi airport,0,6,0%,34.67
flughafentransfer danzig,0,6,0%,76.5
taxi lotniskowe,0,5,0%,17
taxi fra gdansk til sopot,0,5,0%,19.6
taxi lotnisko gdansk,0,5,0%,22.2
koszt taxi gdansk lotnisko,0,5,0%,33.4
gdansk taxi,0,5,0%,48.6
gdansk airport to gdynia,0,4,0%,49
transfer gdansk airport,0,4,0%,66.75
airport gdansk taxi,0,3,0%,9
taxi sopot,0,3,0%,17.67
sopot taxi,0,3,0%,26.67
transfer from gdansk airport,0,3,0%,40
gdansk airport to sopot,0,3,0%,49
transfer z lotniska gdańsk,0,3,0%,63.33
lentokenttätaksi ennakkotilaus,0,3,0%,66
hvad koster en taxa fra gdansk lufthavn til centrum,0,2,0%,11
taxi i gdansk,0,2,0%,11
taxi lotnisko,0,2,0%,12
gdańskairporttaxi,0,2,0%,15
taxi in gdansk airport,0,2,0%,21.5
gdansk airport taxi price,0,2,0%,24.5
gdansk taxi prices,0,2,0%,26
taxi gdansk pris,0,2,0%,26.5
fly til sopot,0,2,0%,44
taxi port lotniczy gdańsk,0,2,0%,57.5
transfery lotniskowe gdańsk,0,2,0%,60
taksi sopot,0,1,0%,1
taxi sopot gdansk,0,1,0%,2
taxi price gdansk airport to city,0,1,0%,7
taxi to airport,0,1,0%,10
gdingen nach danzig taxi preis,0,1,0%,11
gdansk airport connections,0,1,0%,12
taxi in gdansk,0,1,0%,13
taxiairportgdansk.pl,0,1,0%,13
gdansk airport transport,0,1,0%,23
taxi gdansk to airport,0,1,0%,24
gdansk airport transfer to city,0,1,0%,27
taxi from gdansk to sopot,0,1,0%,31
transfery24,0,1,0%,34
taxi from gdansk airport to old town,0,1,0%,35
taxi från gdansk flygplats till centrum,0,1,0%,40
how much is a taxi from gdansk airport to city centre,0,1,0%,45
taxi gdansk airport to city centre,0,1,0%,45
taksi gdansk,0,1,0%,46
vad kostar taxi i gdansk,0,1,0%,46
taxi fra gdansk flyplass til sentrum,0,1,0%,48
sopot to gdansk airport,0,1,0%,49
transfer from gdansk airport to city centre,0,1,0%,50
transport z lotniska gdańsk,0,1,0%,59
airport gdansk transfer,0,1,0%,61
gdynia airport,0,1,0%,62
transfers from gdansk airport to city centre,0,1,0%,67
flyplass sopot,0,1,0%,70
sopot flyplass,0,1,0%,70
transfer gdansk flygplats,0,1,0%,70
limousine airport transfer gdansk,0,1,0%,73
flug nach sopot,0,1,0%,81
as taxi gdansk,0,1,0%,82
gdansk sopot taxi,0,1,0%,82
service taxi sopot,0,1,0%,92
lufthavnstransfer,0,1,0%,100